sp,dp,td,ipkt,ibyt,bps,bpp,pps,flw
1,1,2,3,678,339,226,2,1
2,2,13,18,632,49,35,1,3
1,1,7,40,15140,2163,378,6,2
1,1,10,1,123,12,123,0,1
1,1,2,2,276,138,138,1,1
3,2,20,15,6745,337,450,1,3
1,1,4,2,200,50,100,0,1
1,1,18,20,41,2,2,1,1
1,1,25,5,320,13,64,0,5
1,1,25,1,64,3,64,0,1
